{"cameraMode":{"drawMode":0,"name":"Shaded","section":"Shading Mode"},"sceneLighting":false,"audioPlay":false,"sceneViewState":{"showFog":false,"showMaterialUpdate":false,"showSkybox":false,"showFlares":false,"showImageEffects":false,"showParticleSystems":false},"in2DMode":false,"pivot":{"x":0.18679237365722657,"y":1.3441596031188965,"z":-0.48446154594421389},"rotation":{"x":0.04872104898095131,"y":-0.9481176137924194,"z":0.17871306836605073,"w":0.2584283947944641},"size":2.4286670684814455,"orthographic":false}