{"cameraMode":{"drawMode":0,"name":"Shaded","section":"Shading Mode"},"sceneLighting":false,"audioPlay":false,"sceneViewState":{"showFog":false,"showMaterialUpdate":false,"showSkybox":false,"showFlares":false,"showImageEffects":false,"showParticleSystems":false},"in2DMode":false,"pivot":{"x":-0.585612416267395,"y":0.46728062629699709,"z":-0.6160609722137451},"rotation":{"x":0.03911972790956497,"y":0.9465087056159973,"z":-0.29466623067855837,"w":0.1256551742553711},"size":1.3987798690795899,"orthographic":false}