{"cameraMode":{"drawMode":0,"name":"Shaded","section":"Shading Mode"},"sceneLighting":true,"audioPlay":false,"sceneViewState":{"showFog":false,"showMaterialUpdate":false,"showSkybox":false,"showFlares":false,"showImageEffects":false,"showParticleSystems":false},"in2DMode":false,"pivot":{"x":11.218856811523438,"y":1.1000003814697266,"z":16.669898986816408},"rotation":{"x":-0.3675207197666168,"y":0.6066708564758301,"z":-0.5983582139015198,"w":-0.3726251721382141},"size":1.7131600379943848,"orthographic":false}