{"cameraMode":{"drawMode":0,"name":"Shaded","section":"Shading Mode"},"sceneLighting":false,"audioPlay":false,"sceneViewState":{"showFog":false,"showMaterialUpdate":false,"showSkybox":false,"showFlares":false,"showImageEffects":false,"showParticleSystems":false},"in2DMode":false,"pivot":{"x":385.0199890136719,"y":223.3000030517578,"z":-11.15999984741211},"rotation":{"x":0.4331108033657074,"y":-0.5623506903648377,"z":0.4481841027736664,"w":0.5434374809265137},"size":1.697064757347107,"orthographic":true}