{"cameraMode":{"drawMode":0,"name":"Shaded","section":"Shading Mode"},"sceneLighting":false,"audioPlay":false,"sceneViewState":{"showFog":false,"showMaterialUpdate":false,"showSkybox":false,"showFlares":false,"showImageEffects":false,"showParticleSystems":false},"in2DMode":false,"pivot":{"x":0.03721556067466736,"y":0.7072166800498962,"z":0.16381463408470155},"rotation":{"x":0.5024110674858093,"y":-0.4874114692211151,"z":0.4287894368171692,"w":0.5711010098457336},"size":1.5286672115325928,"orthographic":false}