{"cameraMode":{"drawMode":0,"name":"Shaded","section":"Shading Mode"},"sceneLighting":true,"audioPlay":false,"sceneViewState":{"showFog":false,"showMaterialUpdate":false,"showSkybox":false,"showFlares":false,"showImageEffects":false,"showParticleSystems":false},"in2DMode":false,"pivot":{"x":11.899999618530274,"y":1.5144333839416505,"z":12.329999923706055},"rotation":{"x":-0.3675207197666168,"y":0.6066708564758301,"z":-0.5983582139015198,"w":-0.3726251721382141},"size":2.259446620941162,"orthographic":false}