{"cameraMode":{"drawMode":0,"name":"Shaded","section":"Shading Mode"},"sceneLighting":true,"audioPlay":false,"sceneViewState":{"showFog":false,"showMaterialUpdate":false,"showSkybox":false,"showFlares":false,"showImageEffects":false,"showParticleSystems":false},"in2DMode":false,"pivot":{"x":12.285669326782227,"y":1.5377545356750489,"z":22.050048828125},"rotation":{"x":0.09758090227842331,"y":-0.7318012714385986,"z":0.10723510384559632,"w":0.66591876745224},"size":2.3800289630889894,"orthographic":false}